config,agent,difficulty,seed,realtime,decide_every,two_frames,pipes,frames,decisions,latency_mean_ms,latency_p95_ms,unknown_top_pct,oracle_agreement_pct,flap_pct,death_cause,mean_stale_steps,lag_steps,wall_s
direct+rt,direct,easy,0,True,4,False,0,134,22,85.65396586941047,90.62100551091135,22.727272727272727,36.36363636363637,72.72727272727273,pipe_top,6.0,0,2.2844887990504503
direct+rt,direct,easy,1,True,4,False,0,45,7,86.85139533398407,88.65444217808545,85.71428571428571,0.0,0.0,ground,6.0,0,0.7880759690888226
direct+rt,direct,easy,2,True,4,False,0,134,22,86.32984317161821,91.57381714321673,22.727272727272727,45.45454545454545,72.72727272727273,pipe_top,6.0,0,2.285077089909464
direct+rt,direct,easy,3,True,4,False,0,134,22,86.40100315890528,91.04616004042327,31.818181818181817,40.90909090909091,63.63636363636363,pipe_top,6.0,0,2.289172035176307
direct+rt,direct,easy,4,True,4,False,0,134,22,85.43626771477813,89.61368778254837,31.818181818181817,40.90909090909091,63.63636363636363,pipe_top,6.0,0,2.2881278288550675
perceive_rule+rt,perceive_rule,easy,0,True,4,False,0,45,2,247.98618094064295,248.96000071894377,100.0,100.0,0.0,ground,15.5,0,0.7720430078916252
perceive_rule+rt,perceive_rule,easy,1,True,4,False,0,45,2,249.79682499542832,250.0326557084918,100.0,0.0,0.0,ground,16.0,0,0.7909059920348227
perceive_rule+rt,perceive_rule,easy,2,True,4,False,0,45,2,248.1685779057443,248.67374347522855,100.0,100.0,0.0,ground,15.5,0,0.7667207811027765
perceive_rule+rt,perceive_rule,easy,3,True,4,False,0,45,2,248.53065516799688,251.02333426475525,100.0,50.0,0.0,ground,16.0,0,0.784017541911453
perceive_rule+rt,perceive_rule,easy,4,True,4,False,0,45,2,252.52723111771047,253.64356043282896,100.0,50.0,0.0,ground,16.0,0,0.789192670956254
perceive_rule+rt0.125,perceive_rule,easy,0,True,4,False,7,808,202,248.5646609756358,255.57348332367837,8.910891089108912,85.14851485148515,20.297029702970296,pipe_bottom,2.0,0,107.60021361289546
perceive_rule+rt0.125,perceive_rule,easy,1,True,4,False,27,2699,675,247.41674397692637,254.02968027628958,7.2592592592592595,82.96296296296296,19.25925925925926,pipe_bottom,2.0014814814814814,0,359.7354972558096
perceive_rule+rt0.125,perceive_rule,easy,2,True,4,False,14,1470,367,246.89610639323126,250.88072619400918,6.267029972752043,84.19618528610354,19.618528610354222,pipe_bottom,2.002724795640327,0,195.97629670239985
perceive_rule+rt0.125,perceive_rule,easy,3,True,4,False,1,238,59,246.53157948563666,250.48224041238427,15.254237288135593,81.35593220338983,22.033898305084747,pipe_bottom,2.0,0,31.71461165929213
perceive_rule+rt0.125,perceive_rule,easy,4,True,4,False,3,450,112,246.71313288022898,252.0099731395021,7.142857142857143,83.92857142857143,23.214285714285715,pipe_bottom,2.0,0,59.979215619154274
perceive_rule+rt0.25,perceive_rule,easy,0,True,4,False,6,711,177,244.45249765090603,250.54617198184133,9.03954802259887,84.7457627118644,24.293785310734464,pipe_bottom,4.0,0,47.45392411900684
perceive_rule+rt0.25,perceive_rule,easy,1,True,4,False,6,708,176,246.63914372848177,252.48408853076398,9.659090909090908,84.0909090909091,22.727272727272727,pipe_bottom,4.0,0,47.18703313078731
perceive_rule+rt0.25,perceive_rule,easy,2,True,4,False,4,527,131,247.8331359145978,252.69927643239498,9.16030534351145,83.96946564885496,28.244274809160306,pipe_bottom,4.0,0,35.18489675689489
perceive_rule+rt0.25,perceive_rule,easy,3,True,4,False,1,235,58,248.62608971106337,251.927684340626,18.96551724137931,79.3103448275862,25.862068965517242,pipe_bottom,4.0,0,15.719652670901269
perceive_rule+rt0.25,perceive_rule,easy,4,True,4,False,2,341,85,249.09899714676772,253.07085867971182,10.588235294117647,77.6470588235294,25.88235294117647,pipe_bottom,4.0,0,22.91754598915577
perceive_rule+rt0.5,perceive_rule,easy,0,True,4,False,1,243,30,236.23145466359952,242.62688441667706,13.333333333333334,86.66666666666667,36.666666666666664,pipe_bottom,8.0,0,8.23819379415363
perceive_rule+rt0.5,perceive_rule,easy,1,True,4,False,3,421,52,236.10070500916873,239.9397416971624,13.461538461538462,69.23076923076923,40.38461538461539,pipe_bottom,8.0,0,14.105739046819508
perceive_rule+rt0.5,perceive_rule,easy,2,True,4,False,0,134,16,239.22732059145346,245.26010372210294,25.0,93.75,31.25,pipe_bottom,8.0,0,4.506539796944708
perceive_rule+rt0.5,perceive_rule,easy,3,True,4,False,1,244,30,239.63402587299547,243.35544207133353,20.0,86.66666666666667,40.0,pipe_bottom,8.0,0,8.248274337034672
perceive_rule+rt0.5,perceive_rule,easy,4,True,4,False,2,348,43,242.5115193716835,247.4137093871832,11.627906976744185,83.72093023255815,41.86046511627907,pipe_bottom,8.0,0,11.71323138801381
direct+rt,direct,hard,0,True,4,False,0,89,14,86.43436478450894,89.76098948623985,42.857142857142854,78.57142857142857,57.142857142857146,pipe_top,6.0,0,1.4868131540715694
direct+rt,direct,hard,1,True,4,False,1,139,23,87.32292600704923,91.48134565912187,21.73913043478261,47.82608695652174,78.26086956521739,ceiling,6.0,0,2.3893805788829923
direct+rt,direct,hard,2,True,4,False,0,89,14,87.55334855855575,90.5505992937833,35.714285714285715,35.714285714285715,64.28571428571429,pipe_top,6.0,0,1.4909920510835946
direct+rt,direct,hard,3,True,4,False,1,139,23,85.89440005143051,88.80137302912772,21.73913043478261,39.130434782608695,78.26086956521739,ceiling,6.0,0,2.3872390128672123
direct+rt,direct,hard,4,True,4,False,1,139,23,86.23426081612706,89.67492911033332,21.73913043478261,43.47826086956522,78.26086956521739,ceiling,6.0,0,2.3928295951336622
perceive_rule+rt,perceive_rule,hard,0,True,4,False,0,37,2,247.20351095311344,248.32842543255538,100.0,100.0,0.0,ground,15.5,0,0.7685858951881528
perceive_rule+rt,perceive_rule,hard,1,True,4,False,0,37,2,248.51983389817178,249.8858898645267,100.0,0.0,0.0,ground,16.0,0,0.7857704912312329
perceive_rule+rt,perceive_rule,hard,2,True,4,False,0,37,2,247.57129955105484,247.6635832572356,100.0,100.0,0.0,ground,15.5,0,0.7688776082359254
perceive_rule+rt,perceive_rule,hard,3,True,4,False,0,37,2,249.03542711399496,251.71012615319341,100.0,0.0,0.0,ground,15.5,0,0.7663554679602385
perceive_rule+rt,perceive_rule,hard,4,True,4,False,0,37,2,251.77859514951706,254.71349926665425,100.0,0.0,0.0,ground,16.0,0,0.7852390422485769
direct+rt,direct,medium,0,True,4,False,0,40,6,85.71543451398611,87.71690831054002,83.33333333333333,83.33333333333333,0.0,ground,6.0,0,0.6911652949638665
direct+rt,direct,medium,1,True,4,False,0,107,17,85.81382238908725,89.94754813611507,23.529411764705884,47.05882352941177,64.70588235294117,pipe_top,6.0,0,1.7874154532328248
direct+rt,direct,medium,2,True,4,False,0,40,6,85.22964540558557,90.19755618646741,66.66666666666667,83.33333333333333,0.0,ground,6.0,0,0.6892534410580993
direct+rt,direct,medium,3,True,4,False,0,40,6,84.59297668499251,86.89755911473185,83.33333333333333,16.666666666666668,0.0,ground,6.0,0,0.6910178679972887
direct+rt,direct,medium,4,True,4,False,0,40,6,85.07183372663955,87.47890323866159,83.33333333333333,16.666666666666668,0.0,ground,6.0,0,0.689319581259042
perceive_rule+rt,perceive_rule,medium,0,True,4,False,0,40,2,246.67967739515007,247.4895437946543,100.0,100.0,0.0,ground,15.5,0,0.764453696552664
perceive_rule+rt,perceive_rule,medium,1,True,4,False,0,40,2,248.3709768857807,251.40866471920162,100.0,0.0,0.0,ground,15.5,0,0.7688952339813113
perceive_rule+rt,perceive_rule,medium,2,True,4,False,0,40,2,248.2416231650859,248.54328052606434,100.0,100.0,0.0,ground,15.5,0,0.7706839269958436
perceive_rule+rt,perceive_rule,medium,3,True,4,False,0,40,2,248.60701733268797,248.84865523781627,100.0,50.0,0.0,ground,15.5,0,0.7657672888599336
perceive_rule+rt,perceive_rule,medium,4,True,4,False,0,40,2,247.44884949177504,247.86426122300327,100.0,50.0,0.0,ground,15.5,0,0.7662781132385135
