config,difficulty,games,pipes_mean,pipes_sd,pipes_median,pipes_max,frames_mean,survived_pct,decisions_mean,latency_mean_ms,latency_p95_ms,unknown_top_pct,oracle_agreement_pct,flap_pct,stale_steps_mean,deaths
direct+rt,easy,5,0.0,0.0,0,0,116.2,0.0,19.0,86.021,90.931,31.579,37.895,63.158,6.0,pipe_top:4 ground:1
perceive_rule+rt,easy,5,0.0,0.0,0,0,45.0,0.0,2.0,249.402,252.657,100.0,60.0,0.0,15.8,ground:5
perceive_rule+rt0.125,easy,5,10.4,10.526,7,27,1133.0,0.0,283.0,247.353,253.586,7.562,83.604,19.929,2.001,pipe_bottom:5
perceive_rule+rt0.25,easy,5,3.8,2.28,4,6,504.4,0.0,125.4,246.789,252.537,10.367,82.935,25.04,4.0,pipe_bottom:5
perceive_rule+rt0.5,easy,5,1.4,1.14,1,3,278.0,0.0,34.2,238.648,244.745,15.205,81.287,39.181,8.0,pipe_bottom:5
direct+rt,hard,5,0.6,0.548,1,1,119.0,0.0,19.4,86.631,90.431,26.804,47.423,73.196,6.0,ceiling:3 pipe_top:2
perceive_rule+rt,hard,5,0.0,0.0,0,0,37.0,0.0,2.0,248.822,253.675,100.0,40.0,0.0,15.7,ground:5
direct+rt,medium,5,0.0,0.0,0,0,53.4,0.0,8.2,85.427,89.449,56.098,48.78,26.829,6.0,ground:4 pipe_top:1
perceive_rule+rt,medium,5,0.0,0.0,0,0,40.0,0.0,2.0,247.87,250.454,100.0,60.0,0.0,15.5,ground:5
